track_name,artist,album,release_date,spotify_uri,language,danceability,energy,valence,tempo,speechiness,acousticness
Pop like this Pt. 2 - Slowed,prodbycpkshawn,Pop like this Pt. 2 (Slowed),2024-06-01,spotify:track:4bt3S3Tqh5pvs33y9RlF8J,English,0.772,0.423,0.281,157.156,0.0562,0.00905
Popular (with Playboi Carti & Madonna) - From The Idol Vol. 1 (Music from the HBO Original Series),The Weeknd,Popular (Music from the HBO Original Series),2023-06-02,spotify:track:6WzRpISELf3YglGAh7TXcG,English,0.854,0.674,0.848,99.022,0.184,0.0517
Pop like this Pt. 2,prodbycpkshawn,Pop like this Pt. 2,2024-05-29,spotify:track:2Ct0MnmqHDvjLqpi5gxcSM,English,0.842,0.461,0.48,100.001,0.0675,0.000624
Pop Out (feat. Lil Tjay),Polo G,Die A Legend,2019-06-07,spotify:track:6uFn47ACjqYkc0jADwEdj1,English,0.772,0.639,0.261,168.112,0.467,0.15
Pop like this Pt. 2 - Slowed,prodbycpkshawn,Pop like this Pt. 2 (Slowed),2024-05-29,spotify:track:3xvzR05d6KgexfzjJgDRDl,English,0.772,0.423,0.281,157.156,0.0562,0.00905
Popular Monster,Falling In Reverse,Popular Monster,2019-11-20,spotify:track:4GssB27iJeqmfGxS94Tfij,English,0.461,0.897,0.358,165.107,0.092,0.00821
Popular Monster,Falling In Reverse,Popular Monster,2024-08-16,spotify:track:4myFsmx2v6znDOJfn3IkbD,English,0.461,0.898,0.353,165.079,0.0931,0.0083
Poppin,Yeat,2 Alivë,2022-02-18,spotify:track:3wn8nOygkHLUQ9dlXM1rKW,English,0.705,0.613,0.259,74.521,0.123,0.262
Pop like this Pt. 2 - Sped Up,prodbycpkshawn,Pop like this Pt. 2 (Sped Up),2024-05-22,spotify:track:0umAduzH6cuIMorxfeGtUN,English,0.847,0.559,0.476,108.004,0.0498,0.000401
POPTHATRUNK,1nonly,POPTHATRUNK,2023-08-25,spotify:track:4BLbZo3DCqQXMzogWV1GNP,English,0.73,0.782,0.593,180.068,0.05,0.0766
Pop Muzik,M,Pop Muzik,2022-06-03,spotify:track:6z3HAUZpAyJ0ctsbAwAiw3,English,0.935,0.833,0.967,108.914,0.0438,0.279
Pop Star,Coco & Clair Clair,Sexy,2022-11-04,spotify:track:0widrZ6KVNuIPhbM1rWPDR,English,0.891,0.67,0.938,128.046,0.135,0.203
Dior,Pop Smoke,Meet The Woo,2019-07-26,spotify:track:79s5XnCN4TJKTVMSmOx8Ep,English,0.548,0.805,0.649,142.096,0.351,0.212
POP!,NAYEON,IM NAYEON,2022-06-24,spotify:track:3lOMJTQTd6J34faYwASc33,English,0.795,0.859,0.356,96.986,0.0542,0.0361
Pop Rocks,Cherry Hencefox,Pop Rocks,2023-04-10,spotify:track:2s7CHkCAkTKVPhRWiPcOa6,English,0.741,0.963,0.747,134.991,0.0517,0.0298
Big Poppa - 2005 Remaster,The Notorious B.I.G.,Ready to Die (The Remaster),1994-09-13,spotify:track:2g8HN35AnVGIk7B8yMucww,English,0.78,0.575,0.773,84.492,0.273,0.43
Pop Out,Big Boogie,UNDERRATED,2021-12-24,spotify:track:6mSJEqkgiBMtqZSXSMvb4s,English,0.831,0.715,0.443,135.98,0.251,0.0354
Pop Star,Coco & Clair Clair,Pop Star,2020-12-18,spotify:track:3cIjeDpRUFiKU5tDXEY7Aw,English,0.891,0.67,0.938,128.046,0.135,0.203
Poppin' My Collar (feat. Project Pat),Three 6 Mafia,Most Known Unknown,2006-06-20,spotify:track:5zd9TgduWbfFXwgnm3K3Rz,English,0.729,0.795,0.856,146.747,0.144,0.354
Pop like this Pt. 2,prodbycpkshawn,Pop like this Pt. 2,2024-04-17,spotify:track:53dGCRXGyCUV5Ycoy6Md34,English,0.842,0.461,0.481,100.001,0.0677,0.000624
Pop See Ko,Koo Koo,"Cafetorium Songs, Vol. 1",2016-05-20,spotify:track:6gwhF3t8taMbjpklXAgwMN,English,0.901,0.76,0.638,134.021,0.84,0.298
POP/STARS,K/DA,POP/STARS,2018-11-03,spotify:track:5sbooPcNgIE22DwO0VNGUJ,English,0.566,0.769,0.385,170.036,0.0872,0.0183
Popular (with Playboi Carti & Madonna) - From The Idol Vol. 1 (Music from the HBO Original Series),The Weeknd,Popular (Music from the HBO Original Series),2023-06-02,spotify:track:67gUqq3wVAztSquOpNZ4Xs,English,0.844,0.677,0.841,98.995,0.158,0.0406
POPSTAR (feat. Drake),DJ Khaled,POPSTAR (feat. Drake),2020-07-17,spotify:track:6EDO9iiTtwNv6waLwa1UUq,English,0.8,0.56,0.45,163.071,0.261,0.057
"Popular - From ""Wicked"" Original Broadway Cast Recording/2003",Stephen Schwartz,Wicked (Original Broadway Cast Recording / Deluxe Edition),2013-01-01,spotify:track:57Pk2GU0ABFYBbbcgYxqki,English,0.711,0.228,0.548,88.714,0.172,0.776
Pope Is a Rockstar,SALES,SALES LP,2016-04-20,spotify:track:0So2sgVa8aJiARPl2P29u2,English,0.725,0.446,0.311,90.024,0.0287,0.85
Pop,OsamaSon,Flex Musix,2023-12-08,spotify:track:26Fx8UbsC0BV4J1CdtuLAy,English,0.588,0.484,0.337,161.178,0.153,0.0219
pop ur shit,21 Savage,american dream,2024-01-12,spotify:track:47yD0e9MCRIB8dgUXPfyW3,English,0.853,0.533,0.306,123.066,0.126,0.263
Poppin' Them Thangs,G-Unit,Beg For Mercy,2003-01-01,spotify:track:4E5IFAXCob6QqZaJMTw5YN,English,0.769,0.818,0.918,88.017,0.192,0.263
It's Playtime,Mob Entertainment,Poppy Playtime Ch. 1 (Original Game Soundtrack),2021-10-15,spotify:track:36t2yFEbWl2afvMnAmMU3p,English,0.16,0.182,0.0392,83.048,0.0374,0.995
Popular Loner,Rod Wave,PTSD,2019-06-14,spotify:track:1EG6y4KL5c0T5UAT41d7VH,English,0.684,0.62,0.773,159.893,0.188,0.0541
Pop Shit (feat. Baby Grizzley),Tee Grizzley,Post Traumatic,2024-10-04,spotify:track:6CMQh2ZsMzDLc5fYnCg1Up,English,0.82,0.775,0.484,97.032,0.176,0.105
What You Know Bout Love,Pop Smoke,Shoot For The Stars Aim For The Moon,2020-07-03,spotify:track:1tkg4EHVoqnhR6iFEXb60y,English,0.709,0.548,0.543,83.995,0.353,0.65
For The Night (feat. Lil Baby & DaBaby),Pop Smoke,Shoot For The Stars Aim For The Moon,2020-07-03,spotify:track:0PvFJmanyNQMseIFrU708S,English,0.823,0.586,0.347,125.971,0.2,0.114
Pop Shit (feat. Baby Grizzley),Tee Grizzley,Post Traumatic,2024-10-03,spotify:track:2E2xPjQag4baIAHASzeu9R,English,0.826,0.783,0.503,97.001,0.176,0.08
Pop You,Stunna Girl,"Get a Rook Beat, Vol. 2",2018-08-15,spotify:track:6ocdxdPER4ZakNVIOPZMcy,English,0.607,0.701,0.227,169.951,0.43,0.487
Poplar St,Glass Animals,How To Be A Human Being,2016-08-26,spotify:track:3ApAsbQP7d5GlFwwdExaTY,English,0.575,0.446,0.259,68.985,0.0296,0.247
Pop,*NSYNC,Celebrity,2001-07-24,spotify:track:0Jc8qF1mUPo1A96HE9QxZz,English,0.706,0.861,0.923,119.946,0.154,0.0341
Pop Goes the Weasel,Mother Goose Club,Mother Goose Club Sings Nursery Rhymes Vol. 5: Rhyme Around the Rosy,2013-05-21,spotify:track:7JFE3QoZc0N0tzIhuaskZL,English,0.834,0.571,0.916,109.937,0.0615,0.64
Pop That,French Montana,Excuse My French,2013-01-01,spotify:track:3Jv1XgMPVjdN5xGfnRJ20s,English,0.734,0.892,0.605,138.031,0.125,0.0648
Popcorn,Hot Butter,28 Big Ones,2005,spotify:track:45aoC0yE3RZGWz5QPb41M1,English,0.784,0.627,0.952,136.879,0.0572,0.0425
Pop Out (feat. Nardo Wick),Lil Baby,It's Only Me,2022-10-14,spotify:track:0VOMBffX1llDu37yQUt3u3,English,0.464,0.558,0.346,158.881,0.289,0.00275
Mood Swings (feat. Lil Tjay),Pop Smoke,Shoot For The Stars Aim For The Moon,2020-07-03,spotify:track:5rZlwNFl01HqLWBQGryKSm,English,0.48,0.602,0.269,179.798,0.368,0.487
Pop Style,Drake,Views,2016-05-06,spotify:track:5mPSyjLatqB00IkPqRlbTE,English,0.713,0.462,0.0594,133.053,0.123,0.192
Pop,Sophie Hunter,Pop,2023-03-29,spotify:track:4JYFFgmy2ZZWvhCh8aZbjP,English,0.816,0.722,0.906,103.937,0.343,0.0746
"Pop, Lock & Drop It - Video Edit",Huey,Notebook Paper,2006,spotify:track:6DbqCKweKwVkHgRv1CI53D,English,0.723,0.644,0.645,144.09,0.222,0.00308
Pop,OsamaSon,Flex Musix (FLXTRA),2024-02-16,spotify:track:5KzobobnQb7UZXKOUT249o,English,0.588,0.484,0.337,161.178,0.153,0.0219
Poppy Puppy,Kim Akvileja,Poppy Puppy,2024-01-05,spotify:track:5rpkYHBqreIuzSVrYWcNa1,English,0.622,0.0904,0.655,120.325,0.0583,0.993
Pop,La Oreja de Van Gogh,El Viaje de Copperpot,2000-09-07,spotify:track:4FXSEdmbbeGmPIQltH27C8,English,0.719,0.788,0.751,133.58,0.0284,0.023
Pop,Ari Lennox,Shea Butter Baby,2019-05-07,spotify:track:4wW79p4e4hjTpHVQX3Znoy,English,0.631,0.315,0.335,144.87,0.0459,0.809
Rockstar,LISA,Rockstar,2024-06-27,spotify:track:6vvPecFTmWxDfEJ6cYT1wa,English,0.668,0.628,0.568,140.053,0.046,0.129
Rock and A Hard Place,Bailey Zimmerman,Religiously. The Album.,2023-01-11,spotify:track:1TE8AAk9koG0UJco6ZAUfx,English,0.582,0.568,0.394,121.991,0.0275,0.577
ROCKSTAR (feat. Roddy Ricch),DaBaby,BLAME IT ON BABY,2020-04-17,spotify:track:7ytR5pFWmSjzHJIeQkgog4,English,0.746,0.69,0.497,89.977,0.164,0.247
Rock Your Body,Justin Timberlake,Justified,2002-11-04,spotify:track:1AWQoqb9bSvzTjaLralEkT,English,0.892,0.714,0.817,100.972,0.141,0.201
Rockabye (feat. Sean Paul & Anne-Marie),Clean Bandit,Speak Your Mind (Deluxe),2018-04-27,spotify:track:3fvY2U1AzW0diYF0hnBbKt,English,0.724,0.759,0.765,101.946,0.0542,0.412
"Rocket Man (I Think It's Going To Be A Long, Long Time)",Elton John,Honky Chateau,1972-05-19,spotify:track:3gdewACMIVMEWVbyb8O9sY,English,0.601,0.532,0.342,136.576,0.0286,0.433
rockstar (feat. 21 Savage),Post Malone,beerbongs & bentleys,2018-04-27,spotify:track:0e7ipj03S05BNilyu5bRzt,English,0.585,0.52,0.129,159.798,0.0713,0.124
ROCKSTAR (feat. Roddy Ricch),DaBaby,BLAME IT ON BABY,2020-04-17,spotify:track:30UFKKWSOC2Xr6KfWcyvsI,English,0.507,0.705,0.46,89.772,0.248,0.234
Rock with You - Single Version,Michael Jackson,Off the Wall,1979-08-10,spotify:track:7oOOI85fVQvVnK5ynNMdW7,English,0.808,0.535,0.848,114.031,0.0353,0.179
Rocking A Cardigan in Atlanta,lil Shordie Scott,Rocking A Cardigan in Atlanta,2022-01-29,spotify:track:0N0h5lXc4HOiLgGb9EZi8m,English,0.803,0.64,0.816,140.073,0.151,0.583
Rockstar,Nickelback,All the Right Reasons - Special Edition,2005-09-26,spotify:track:6n9yCXvLhnYMgJIiIcMu7D,English,0.616,0.91,0.693,144.072,0.0386,0.0459
ROCKSTAR,Junior H,$AD BOYZ 4 LIFE II,2023-10-05,spotify:track:6YOfGIE6iFxC7G8OlGGvzW,English,0.761,0.658,0.895,125.036,0.0429,0.292
Rock N Roll,Ken Carson,Project X,2021-07-23,spotify:track:7sdHMJvhKib3ReVPsZFbrf,English,0.673,0.571,0.042,141.957,0.0488,0.0737
rock your hips,310babii,rock your hips,2024-05-03,spotify:track:7ciVVd4JFgUb5D38mMCkIA,English,0.866,0.759,0.762,104.997,0.221,0.047
Rock'n Me,Steve Miller Band,Fly Like An Eagle,1976-01-01,spotify:track:1orVKbp6vqtfAPOmvRofVq,English,0.695,0.582,0.892,122.433,0.0651,0.297
Rocky Theme,Gonna Fly Now,Rocky Theme,2014-08-30,spotify:track:1qzY5ylnKRI3RzkMfEfBcb,English,0.328,0.969,0.322,97.417,0.121,0.0082
Rock Salt and Nails (Live),Tyler Childers,Live on Red Barn Radio I & II,2018-06-29,spotify:track:20dkebBtPR4AJ8vVos41Gw,English,0.449,0.296,0.139,139.828,0.0361,0.892
rockstar,Post Malone,beerbongs & bentleys,2018-04-27,spotify:track:19bX4zmC2zDben2ldhoRB3,English,0.595,0.507,0.137,159.729,0.0812,0.145
Rockstar - 2020 Remaster,Nickelback,All The Right Reasons - 15th Anniversary Expanded Edition,2005,spotify:track:05tlUh0E6IFks9sCQguQKN,English,0.621,0.913,0.679,144.073,0.0385,0.0477
Rockin' Around The Christmas Tree,Brenda Lee,Merry Christmas From Brenda Lee,1964-10-19,spotify:track:2EjXfH91m7f8HiJN1yQg97,English,0.598,0.47,0.879,67.086,0.0496,0.617
Lovers Rock,TV Girl,French Exit,2014-06-05,spotify:track:6dBUzqjtbnIa1TwYbyw5CM,English,0.559,0.871,0.572,104.97,0.0397,7.53e-06
Rock You Like A Hurricane,Scorpions,Love At First Sting,1984-03-27,spotify:track:58XWGx7KNNkKneHdprcprX,English,0.482,0.617,0.718,125.697,0.0458,0.00543
Rock the Casbah - Remastered,The Clash,Combat Rock (Remastered),1982,spotify:track:56KqaFSGTb7ifpt16t5Y1N,English,0.797,0.872,0.866,129.885,0.0575,0.291
Rocky Top,The Osborne Brothers,Bluegrass Then & Now,2008-05-20,spotify:track:5QSiHPOYNCmpbwwMQyOGA6,English,0.549,0.673,0.923,156.814,0.0296,0.0763
Rock Lobster,The B-52's,The B-52's,1979-07-11,spotify:track:2Q5wSOwq6BDSu7sSVMNrtT,English,0.592,0.882,0.442,92.157,0.0468,0.00884
Rocketeer,Far East Movement,Free Wired,2010-01-01,spotify:track:45sDIKapDyxPl307QpEAwl,English,0.664,0.845,0.357,96.005,0.0462,0.181
Rock Wit U (Awww Baby),Ashanti,Chapter II,2003-01-01,spotify:track:6pWzCKTrKrwbUPzY8RLCoP,English,0.71,0.797,0.849,94.998,0.0583,0.409
Rocky Mountain High,John Denver,Rocky Mountain High,1972-09-15,spotify:track:1ne9wOtDF2jM6Cm8WBkaER,English,0.455,0.437,0.724,81.396,0.0278,0.314
Rockabye Billy,Milk In The Microwave,Rockabye Billy,2024-08-19,spotify:track:6gDfD13Z0p4gfPwBrQhLqc,English,0.525,0.338,0.724,66.913,0.0276,0.785
The Rock Show,blink-182,Take Off Your Pants And Jacket,2001,spotify:track:2ydUT1pFhuLDnouelIv4WH,English,0.409,0.959,0.83,193.144,0.0869,0.000324
Rock And Roll All Nite,KISS,Dressed To Kill,1975-03-19,spotify:track:6KTv0Z8BmVqM7DPxbGzpVC,English,0.654,0.929,0.902,144.769,0.0998,0.0474
Rockin' Robin,Bobby Day,Rockin' Robin,1958-01-01,spotify:track:4FlYcJnfkeBpowEHJ72Bmt,English,0.541,0.608,0.938,171.992,0.106,0.298
Rockstar Made,Playboi Carti,Whole Lotta Red,2020-12-25,spotify:track:3cWmqvMwVQKDigWLSZ3w9h,English,0.773,0.612,0.381,149.999,0.232,0.0398
Rockefeller Street (New Nightcore) [#Rockefellerstreet Remix],Getter Jaani,Rockefeller Street (New Nightcore) [#Rockefellerstreet Remix],2018-12-14,spotify:track:37s8uwIjw72XfMseKJXNOO,English,0.659,0.936,0.884,161.983,0.0606,0.283
Rock and Roll - Remaster,Led Zeppelin,Led Zeppelin IV (Deluxe Edition),1971-11-08,spotify:track:4PRGxHpCpF2yoOHYKQIEwD,English,0.317,0.887,0.871,169.613,0.0375,0.000582
Rock a Bye Baby,Nursery Rhymes 123,Lullaby Baby,2016-01-26,spotify:track:1zARHKo3tPfw3msYMlF7vY,English,0.633,0.0789,0.296,89.931,0.0309,0.987
Rockabye (feat. Sean Paul & Anne-Marie),Clean Bandit,What Is Love? (Deluxe Edition),2018-11-30,spotify:track:2hrUO4drrO63i7FYbCLBl2,English,0.717,0.73,0.792,102.002,0.0568,0.383
Rockstar - Extended,LISA,Rockstar,2024-06-27,spotify:track:01prGWjCTxKBxJc400zwvQ,English,0.645,0.688,0.587,139.957,0.043,0.0606
Rock Of Ages,Def Leppard,Pyromania (Deluxe),1983-01-20,spotify:track:2AmEv442DGwSxMGZ9XEvBA,English,0.706,0.785,0.636,105.893,0.041,0.00802
Rockefeller Street (Nightcore),Caleb Hyles,Rockefeller Street (Nightcore),2020-10-09,spotify:track:0GfO5Of8NOwzTRUAPRtSlg,English,0.662,0.921,0.76,162.951,0.049,0.0254
Rocky Top - Live,Dolly Parton,Live and Well,2004-09-14,spotify:track:3SpS1YrqjhPisiTsUlOXNy,English,0.504,0.908,0.706,156.2,0.139,0.337
ROCKSTAR,HARDY,Quit!!,2024-07-12,spotify:track:5NKPbcHaLSl4K3lJCo4pJr,English,0.542,0.962,0.659,150.025,0.0911,0.000474
ROCKING A CARDIGAN IN ATLANTA,lil Shordie Scott,The Twin Society,2022-07-29,spotify:track:6BDOjJPtfOhpyB21FB39PV,English,0.869,0.616,0.724,140.051,0.11,0.471
Rockin' That Shit,The-Dream,Love Vs Money,2009-01-01,spotify:track:3RBGG1be9aBaSvjnw6ABkh,English,0.672,0.62,0.626,77.993,0.0442,0.124
Rock 'n' Roll (Part 2),Gary Glitter,Glitter,1973,spotify:track:5F40csF5DtKOGfEg8vuz1d,English,0.71,0.314,0.401,129.124,0.082,0.000292
Rocky Mountain Way,Joe Walsh,"The Smoker You Drink, The Player You Get",1973-06-18,spotify:track:2XHjFJVXYlEzoDvN82h8s5,English,0.493,0.376,0.419,86.47,0.0435,0.0241
Rock-a-Bye Baby,CoComelon,"CoComelon Kids Hits, Vol. 2",2020-01-24,spotify:track:3NEgsdTwk3tIjt6x4d2VzE,English,0.715,0.217,0.509,119.902,0.0319,0.822
Rock My Body,R3HAB,Rock My Body (with INNA & Sash!),2023-04-28,spotify:track:6pb5DtlAeG95dNQLHiArRU,English,0.662,0.821,0.47,124.077,0.13,0.202
Rock That Body,Black Eyed Peas,THE E.N.D. (THE ENERGY NEVER DIES),2009-01-01,spotify:track:7K8XoQXZBffc4xG2xIQHMO,English,0.715,0.907,0.841,124.991,0.0993,0.0172
Rock N Roll Rules,HAIM,TROLLS World Tour (Original Motion Picture Soundtrack),2020-03-13,spotify:track:6k2fcdMZRetgikCiVJULVq,English,0.649,0.777,0.723,119.541,0.261,0.113
Hip-Hop,Dead Prez,Let's Get Free,2000-02-08,spotify:track:2HoDr1yVksl19omOhc1zWy,English,0.725,0.737,0.219,77.162,0.324,0.000633
Hip Hop Hooray,Naughty By Nature,19NaughtyIII,1993-02-23,spotify:track:1SyQ6t9RdRBK0QUCS6a797,English,0.862,0.642,0.765,99.2,0.101,0.102
Hip Hop Police - Main,Chamillionaire,Ultimate Victory,2007-01-01,spotify:track:0VUpkue1T9WZF2LtUqJbDY,English,0.815,0.906,0.707,98.037,0.206,0.056
Hip-Hop,Freddy Rugga,Hip-Hop,2016-02-26,spotify:track:23FMZRrUJKHdtXuxDAuhRA,English,0.807,0.558,0.559,164.004,0.367,0.0688
Hip Hop,August Alsina,This Thing Called Life,2015-12-11,spotify:track:55WwvU3TsXYXaOisjxwJYT,English,0.596,0.796,0.759,80.092,0.146,0.177
Hip-Hop,Dead Prez,"Hip Hop 100 Hits - Urban rap & R n B anthems inc. Jay Z, A$ap Rocky, Wu-Tang Clan & Nas",2019-04-19,spotify:track:1rESBfVFxLR7wIQjUIQ0KH,English,0.583,0.543,0.192,78.221,0.403,0.000642
Hip-Hop Saved My Life (feat. Nikki Jean),Lupe Fiasco,Lupe Fiasco's The Cool,2007-01-01,spotify:track:6N3oYlfZ2RPdjMYdHCRmFS,English,0.705,0.684,0.246,100.006,0.145,0.0353
Hip-Hip,Campel,Hip-Hip,2024-06-03,spotify:track:3u5DBQBgoPe93upmqPZnDJ,English,0.808,0.776,0.438,79.968,0.2,0.0391
Hip-Hop,PaceWon & Mr. Green,The Only Color That Matters is Green,2008-01-01,spotify:track:10TGbnysIWaAtFRnQlagSB,English,0.719,0.828,0.492,92.006,0.061,0.00649
Hip Hop,Mos Def,Black On Both Sides,1999-10-12,spotify:track:4gQdwwPXSXnDkUh4jYqLoC,English,0.592,0.861,0.794,90.238,0.249,0.024
Hip Hop Sinister,Hopsin,Knock Madness,2013-11-26,spotify:track:4BaFzlfU0xvG19fP4muTVw,English,0.582,0.618,0.0798,181.008,0.298,0.0639
Hip-Hop,"Royce Da 5'9""","The Heaven Experience, Vol. 1",2022-08-12,spotify:track:0iULSLlbdVMvBs4HzIaLi9,English,0.707,0.757,0.867,99.988,0.228,0.00729
Hip-Hop Hasta la Tumba,Maniako,Dónde Estás,2018-02-13,spotify:track:6dKRp4XzLCycXok4KkC3PK,English,0.902,0.623,0.967,89.993,0.105,0.0795
Following Directions With Exercise,Mark D. Pencil,"Learning With Hip Hop (Today's Music Paired With Educational Lessons For Classrooms And Homes, Ages Pre-K - 5th)",2006-10-13,spotify:track:6o1bS8eEeORcmrtMsJr9jZ,English,0.934,0.622,0.684,94.971,0.285,0.0054
Hip-Hop,PaceWon & Mr. Green,The Only Color That Matters is Green,2008-01-01,spotify:track:1rS5cQSjEShHUnfyH3vg99,English,0.719,0.827,0.5,91.998,0.0591,0.00667
Hip Hop Phile,BTS,Dark & Wild,2014-08-20,spotify:track:4c9XojqJDu7KNCh8GmNbj5,English,0.796,0.878,0.795,144.0,0.185,0.171
HIP-HOP,P-Lo,Moovie! 2: The Yeequel,2024-07-08,spotify:track:3AzaLnoEWrvD5VMHlG8i09,English,0.751,0.714,0.342,96.069,0.183,0.241
Hip-Hop,Left Lane Cruiser,Junkyard Speed Ball,2011-03-01,spotify:track:6sSfIRmWvVt1XXH36n7xGA,English,0.455,0.867,0.646,145.553,0.072,0.0494
Hip Hop Hooray,Naughty By Nature,The Naughtiest,2024-10-04,spotify:track:51xAgFieUSxVZNo1XrHjkB,English,0.869,0.781,0.769,99.376,0.0679,0.0663
Hip Hop Police - Main,Chamillionaire,Ultimate Victory,2007-01-01,spotify:track:6GWqwdGYwEfwv0caDQj082,English,0.816,0.906,0.704,98.009,0.209,0.056
Hip-Hop,Boombox,Family бізнес,2006,spotify:track:5pMiXZF5e7TbPIl5qgKk4h,English,0.74,0.928,0.895,140.526,0.175,0.0292
Still Dreaming,Nas,Hip Hop Is Dead (Expanded Edition),2007-01-23,spotify:track:72nLaDnt2dfxCA3ZAiEC2c,English,0.546,0.827,0.598,120.262,0.214,0.105
Party Up,DMX,Hip Hop Nocturno,2023-08-25,spotify:track:0456yoDOEHhxLTFn6xzSIe,English,0.487,0.954,0.596,202.532,0.326,0.0798
Hip-Hop,Cognito,Automatic,2010-04-20,spotify:track:0v9N9RFWQLhsZ0Uo1tD1Ip,English,0.434,0.733,0.397,80.082,0.375,0.42
Hip Hop - Mashup,Trinix Remix,Hip Hop (Mashup),2022-01-21,spotify:track:6EuhBJTydNXXtqBQ32lag5,English,0.484,0.806,0.681,103.512,0.408,0.0404
Hip Hop Soldier,Sir Mix-A-Lot,Swass,1988-01-01,spotify:track:7yIUQW4kutkoxSWKjU7OPK,English,0.87,0.551,0.616,98.141,0.279,0.0162
Hip-Hop,Itzo Hazarta,Nepravilen Rap,2019-05-18,spotify:track:0smlHMLEGRzaubtkKb7BfG,English,0.913,0.448,0.486,89.008,0.258,0.0635
Hip Hop Is Dead,Nas,Hip Hop Is Dead (Expanded Edition),2006-12-19,spotify:track:7iF9B5dbSOfEeznArGFHhn,English,0.758,0.74,0.613,110.831,0.203,0.0156
Hip Hop,Emcee Hero,Hope,2024-09-05,spotify:track:4jJkkUBlBPejlywVhra9jt,English,0.698,0.724,0.369,141.326,0.291,0.345
Hip-Hop,Ryze Hendricks,Hip-Hop,2022-09-23,spotify:track:6MUtaEeMJ9K2y1KsFuOI2Q,English,0.714,0.874,0.686,128.434,0.441,0.0653
Hip Hop Junkies,Nice & Smooth,Ain't A Damn Thing Changed,1991-01-01,spotify:track:3KKrZ3adgWcJiJQWFqoDnv,English,0.926,0.427,0.634,98.73,0.115,0.0258
Hip Hop Police,Chamillionaire,Hip Hop Police,2007-01-01,spotify:track:0JPzG00AY7hNVu8sauadAu,English,0.817,0.919,0.747,97.99,0.187,0.0635
Hip-Hop,X-Boxin,9,2019-02-27,spotify:track:1fUM4D1TLFpsNgjuWLHb2u,English,0.802,0.827,0.829,163.876,0.356,0.00895
Hip Hop (Caminaré),Santa Fe Klan,Bendecido,2019-06-26,spotify:track:4ciXokhIdlyhCh3tA5zo5P,English,0.803,0.745,0.619,82.75,0.347,0.0354
Hip-Hop - Radio Version,Dead Prez,It's Bigger Than Hip-Hop,2000-02-08,spotify:track:1VpaGT3qRCT4jaqYw7o9IH,English,0.73,0.577,0.352,77.121,0.43,0.0106
Hip-Hop,Boombox,Все включено,2010,spotify:track:2jh8ESkNJqSnhub71qDEuW,English,0.692,0.819,0.669,140.075,0.115,0.00875
Hip Hop Kids,Portugal. The Man,Evil Friends,2013-05-31,spotify:track:3LBBeej1zGctWlJNpNa4I6,English,0.433,0.782,0.498,94.995,0.0363,0.0108
Hip-Hop,Trap Fray,Lets Not Forget!,2022-09-01,spotify:track:0KYmeAHNa1QU4bFll5HoNu,English,0.914,0.382,0.076,90.007,0.223,0.0302
Hip Hop Is Dead,Nas,Hip Hop Is Dead (Expanded Edition),2007-01-23,spotify:track:5z37OkOEzss0a6F5bxjlkS,English,0.762,0.742,0.608,110.85,0.211,0.0145
Hip Hop Hooray (feat. Webbie),Boosie Badazz,Touch Down 2 Cause Hell,2015-05-26,spotify:track:7qJJWRw5uqXvZLkpMeNjQb,English,0.706,0.646,0.713,161.05,0.33,0.0659
Hip-Hop,La Etnnia,Real,2004-07-02,spotify:track:6m1mXVuMj6qy8JbttYCgpk,English,0.926,0.688,0.517,96.001,0.199,0.0253
Hip Hopper (feat. Lil Yachty),Blac Youngsta,Hip Hopper (feat. Lil Yachty),2017-04-28,spotify:track:7JsoM9xf0Uc8tTHVnkVOio,English,0.931,0.517,0.45,129.111,0.446,0.00162
HIP HOP CELEBRATION ACAPELLA AND HIP HOP SCRATCHES,FRANK MULLAH,HIP HOP CELEBRATION ACAPELLA AND HIP HOP SCRATCHES,2023-10-14,spotify:track:2eiCHjzDvoWJflkpdMLE1r,English,0.577,0.997,0.0347,83.042,0.647,0.681
Hip-Hop,Rúzsa Magdi,Ördögi Angyal,2006-10-07,spotify:track:204FxPIguRWJs264WXedmK,English,0.786,0.807,0.7,102.19,0.0558,0.0789
She Got Her Own,Ne-Yo,Hip-Hop & R&B Hits,2021-09-27,spotify:track:4wHJZ8niEWCs13M7JgLDRR,English,0.657,0.584,0.487,139.702,0.128,0.254
Hip Hopper,FBG Duck,Hip Hopper,2019-12-15,spotify:track:0gWqqGBcTTuARXLUYSEOcC,English,0.916,0.817,0.743,129.152,0.329,0.00282
Hip-Hop,Guizmo,C'est tout.,2012-11-19,spotify:track:4vtAxG6LCzKCAM28Z1VwIO,English,0.62,0.84,0.65,99.883,0.3,0.0353
Hip Hop,Trip Lee,20/20,2008-05-20,spotify:track:7crhBrVTiYqkoROhOd4ZS6,English,0.56,0.609,0.533,79.832,0.26,0.00299
Hip-Hop,Funky DL,The Ultimate Collection,2013-12-08,spotify:track:69zOO0pe2i57M91xbX2eyI,English,0.82,0.722,0.791,94.983,0.212,0.391
Hip Hop Star (feat. Big Boi & Sleepy Brown),Beyoncé,Dangerously In Love,2003-06-24,spotify:track:5cl6rJmigUbx6cNrA3nV8z,English,0.736,0.651,0.971,166.572,0.124,0.00265
Bollywood,Dreamgirl,Dreamgirl,2018-01-01,spotify:track:78YacbWWosuurc9lGnbaEh,Hindi,0.376,0.375,0.268,121.683,0.034,0.0541
"Kesariya (From ""Brahmastra"")",Pritam,"Kesariya (From ""Brahmastra"")",2022-07-17,spotify:track:6VBhH7CyP56BXjp8VsDFPZ,Hindi,0.577,0.574,0.436,94.009,0.0278,0.572
Bollywood,Anamanaguchi,Scott Pilgrim vs. the World: The Game (Original Videogame Soundtrack),2010-01-01,spotify:track:71q0cT3eeN3KzqAzV64CY1,Hindi,0.27,0.978,0.699,137.834,0.0852,0.0356
Bollywood,Jwles,Bollywood,2024-08-08,spotify:track:1r1Lm84LX56LRcc9FuynNk,Hindi,0.754,0.529,0.714,81.0,0.152,0.267
Badtameez Dil,Pritam,Yeh Jawaani Hai Deewani,2013-03-30,spotify:track:4eu27jAU2bbnyHUC3G75U8,Hindi,0.806,0.932,0.792,106.021,0.0684,0.24
Bollywood Apologetics,Black Wing,No Moon,2020-12-11,spotify:track:2g8DYqXZtARq84f6jpeTAI,Hindi,0.455,0.592,0.323,160.054,0.0327,0.186
Thumkeshwari,Sachin-Jigar,Bhediya (Original Motion Picture Soundtrack),2022-12-06,spotify:track:6LN9PyBfR0Im2CPFi6sy4d,Hindi,0.757,0.682,0.562,98.977,0.0553,0.055
Bollywood,Patrick Watson,Love Songs For Robots,2015-05-11,spotify:track:14wFKHSZrsCoPZCeVvpMhb,Hindi,0.289,0.292,0.347,156.118,0.0305,0.441
Thumkeshwari,Sachin-Jigar,Bhediya (Original Motion Picture Soundtrack),2022-11-22,spotify:track:6cI3I2flP8qvnLLgvrXWg0,Hindi,0.757,0.682,0.562,98.977,0.0553,0.055
Bollywood,The Black Skirts,THIRSTY,2019-02-12,spotify:track:4aR6vDXYYwtsreXsjLGz0Z,Hindi,0.49,0.558,0.171,78.002,0.0341,0.0455
"Jeeye to Jeeye Kaise (From ""Saajan"")",Pankaj Udhas,Bollywood & Ghazal Collection of Pankaj Udhas,2016-07-01,spotify:track:6xkH51odPN6GVpMgth0lWL,Hindi,0.487,0.489,0.682,128.74,0.0306,0.246
"What Jhumka ? (From ""Rocky Aur Rani Kii Prem Kahaani"")",Pritam,"What Jhumka ? (From ""Rocky Aur Rani Kii Prem Kahaani"")",2023-07-12,spotify:track:4QyX8CBSjcoq4iMZuvifyF,Hindi,0.821,0.823,0.479,107.953,0.1,0.235
Bollywood,In-s,Bollywood,2019-06-27,spotify:track:75bnrRBe7WXrlM8vxBQMOI,Hindi,0.726,0.794,0.745,110.037,0.0724,0.325
American Bollywood,Young the Giant,American Bollywood,2022-11-16,spotify:track:5uB9II615svx1O0lsfq0me,Hindi,0.422,0.647,0.0919,148.049,0.039,0.0863
Kala Chashma,Prem & Hardeep,Baar Baar Dekho (Original Motion Picture Soundtrack),2016-08-04,spotify:track:6mdLX10dvBb7rGYbMXpKzz,Hindi,0.801,0.856,0.919,106.029,0.065,0.0984
Bollywood,Ayzha Nyree,Bollywood,2020-05-26,spotify:track:1A9PdIMA0eU8GUNuy2aP8Z,Hindi,0.805,0.467,0.37,120.12,0.248,0.294
Bollywood Flashback Mashup - Remix,Akhil Talreja,Bollywood Flashback Mashup (Remix),2017-10-18,spotify:track:0ZcRMN1BfY3VbdbOLVvitV,Hindi,0.752,0.925,0.844,129.995,0.0574,0.123
"Ghungroo (From ""War"")",Vishal-Shekhar,"Ghungroo (From ""War"")",2019-09-30,spotify:track:0WdbnNKO0Jt4BZACSDQh44,Hindi,0.695,0.727,0.864,118.034,0.0323,0.0744
Bollywood,Shawn Lee's Ping Pong Orchestra,Music and Rhythm,2004-08-24,spotify:track:3Ehua1s2F6sAARrtGLJhHw,Hindi,0.6,0.988,0.825,156.699,0.0352,0.0148
Bollywood Medley (Series 5),Zain Worldwide,Bollywood Medley (Series 5),2023-08-17,spotify:track:5NMGzh8az4AdrW6vQ7qPaM,Hindi,0.54,0.474,0.169,140.046,0.134,0.596
What Jhumka ?,Pritam,Rocky Aur Rani Kii Prem Kahaani (Original Motion Picture Soundtrack),2024-05-15,spotify:track:4ebGjbay0OmsBNUwo0M6u6,Hindi,0.828,0.791,0.452,107.903,0.135,0.252
Bollywood,Liz Phair,Funstyle,2010,spotify:track:1tWuDExljxWDWG6hnbSilQ,Hindi,0.703,0.962,0.752,105.953,0.136,0.417
"Chaiyya Chaiyya (From ""Dil Se"")",Sukhwinder Singh,Bollywood's Musical Extravaganza - Sonu Nigam & Sukhwinder Singh,2016-07-01,spotify:track:7ltsfuHdqTZ5LwPpDy1q0v,Hindi,0.786,0.579,0.481,90.012,0.142,0.186
Bole Chudiyan,Jatin-Lalit,Kabhi Khushi Kabhie Gham (Original Motion Picture Soundtrack),2001-11-28,spotify:track:1uzkWkIaWaxzHJgJ4Fy5rO,Hindi,0.59,0.875,0.737,96.915,0.171,0.45
Bollywood,Akhil,Bollywood - Single,2017-12-13,spotify:track:0PfCDyJmGWW2BhZe6fDEep,Hindi,0.839,0.882,0.683,94.002,0.119,0.419
Bollywood Bounce,Keys N Krates,Original Classic,2021-11-12,spotify:track:1T2VccvaJGfikiCn3DspQm,Hindi,0.775,0.819,0.848,75.02,0.151,0.14
Kesariya,Pritam,Brahmastra (Original Motion Picture Soundtrack),2022-10-06,spotify:track:4UMIv5jd9gK98a39BQRD9X,Hindi,0.577,0.574,0.436,94.009,0.0278,0.572
Bollywood,Drupatee,Curry Que Riddim,2014-07-15,spotify:track:76Iwz3A6D7XYkxIzpBbIE4,Hindi,0.889,0.848,0.943,125.977,0.206,0.149
"Chhupana Bhi Nahin Aata (From ""Baazigar"")",Pankaj Udhas,Bollywood & Ghazal Collection of Pankaj Udhas,2016-07-01,spotify:track:2oAy8P7WfjbZW0cWw6RnAG,Hindi,0.414,0.517,0.647,157.405,0.0711,0.362
Kala Chashma,Prem Hardeep,The Neha Kakkar Collection,2019-06-06,spotify:track:1FDbMuxueQ9I6AIZIbq9zM,Hindi,0.801,0.856,0.919,106.029,0.065,0.0984
Bollywood,Sandro Silva,Bollywood,2020-11-20,spotify:track:45FfsLcH4wlFxp6V7aoQAR,Hindi,0.658,0.983,0.6,127.977,0.0878,0.0295
The Walk Home,Young the Giant,American Bollywood,2022-11-16,spotify:track:0sfrbCvmUUfJgZlKqXQbQ6,Hindi,0.515,0.899,0.31,124.993,0.0493,0.0062
"Ghungroo (From ""War"")",Vishal-Shekhar,YRF Top 10 - Nightout Sounds,2021-05-04,spotify:track:1Ef0TmgS1QrVO6tKHrMMmH,Hindi,0.695,0.729,0.872,118.028,0.0322,0.0738
Bollywood,Akhil,Do Gabru - Diljit Dosanjh & Akhil,2018-07-10,spotify:track:5LKzrt75coVaxrDcRR7odn,Hindi,0.854,0.859,0.569,94.023,0.162,0.512
Jab Tak,Armaan Malik,Bollywood Romantic Songs With Armaan Malik,2017-07-20,spotify:track:1im9BMeeKze7rkBPIEpCUr,Hindi,0.299,0.447,0.321,121.723,0.0383,0.858
"Say ""Shava Shava""",Aadesh Shrivastava,Kabhi Khushi Kabhie Gham (Original Motion Picture Soundtrack),2001-11-28,spotify:track:7CdABTaND3EW5cETakiBD3,Hindi,0.665,0.908,0.691,98.808,0.188,0.0504
Bollywood,Jwles,Bijoux,2024-10-04,spotify:track:1haFSWEpA2quQy3iWUgGEe,Hindi,0.711,0.53,0.719,161.982,0.215,0.202
"Baby Doll (From ""Ragini Mms 2"")",Meet Bros Anjjan,Bollywood Party With Meet Bros,2017-08-17,spotify:track:0QjiywAse0jM8QgPvtJrpC,Hindi,0.836,0.839,0.507,103.992,0.106,0.275
Ghungroo,Vishal-Shekhar,War,2019-09-30,spotify:track:6EAMI8iHwC3TCSBGVKoWng,Hindi,0.695,0.727,0.864,118.034,0.0323,0.0744
Bollywood,Panos Mouzourakis,Bollywood,2020-02-14,spotify:track:7GOkbCJNCVdgjhoFHKXGkS,Hindi,0.567,0.719,0.518,193.985,0.193,0.181
Bol Do Na Zara,Armaan Malik,Bollywood Romantic Songs With Armaan Malik,2017-07-20,spotify:track:5XD2tP1DRH2NJgp45HiEQA,Hindi,0.545,0.472,0.195,129.988,0.0311,0.294
Tukur Tukur,Pritam,Dilwale (Original Motion Picture Soundtrack),2015-11-17,spotify:track:5swv4r5dYNHhsL54jGqmn8,Hindi,0.8,0.921,0.826,137.989,0.0846,0.0841
Bollywood,Loredana Bertè,Manifesto,2021-11-05,spotify:track:3hfLzd5e6KUxzKu5pM5Q5a,Hindi,0.824,0.919,0.812,91.984,0.0731,0.0992
"Crazy Kiya Re (From ""Dhoom:2"")",Pritam,30 Hits of Pritam,2023-06-13,spotify:track:0FDz52AydSbKmGO3k6EMiS,Hindi,0.749,0.93,0.805,92.035,0.13,0.142
Bollywood,Quebonafide,Egzotyka,2017-06-07,spotify:track:042LPJOfWrG1AdTSVsvGLD,Hindi,0.51,0.934,0.666,168.091,0.446,0.28
Bollywood Theme,Downing And Mayer,Traditional Indian Music,2009-12-01,spotify:track:2R243VHqoYjduX72AKvcot,Hindi,0.702,0.442,0.274,99.921,0.0292,0.289
Bollywood Jam,Jo'E,Bollywood Jam,2023-03-19,spotify:track:1nfkY4hZeQe7LFemBZq4S4,Hindi,0.653,0.933,0.797,124.035,0.0501,0.000295
Bollywood,Ajad Samskara,Ethnology,2019-10-20,spotify:track:06t2gZbrzHVBPQ41ceNjRj,Hindi,0.457,0.724,0.793,203.954,0.191,0.00106
Bollywood Nights (Remix),All India Radio,The Inevitable Remixes,2011-10-03,spotify:track:1SVifGs137rTOPV92Jaomi,Hindi,0.428,0.532,0.206,162.063,0.0261,0.722
Kesariya - Dance Mix,Pritam,Brahmastra (Original Motion Picture Soundtrack),2022-10-06,spotify:track:26QKnh2Pq4etlbtc9xUZEE,Hindi,0.7,0.699,0.567,100.037,0.0531,0.45
Santur Dreams,India Tribe Music Collection,"Indian music: Classical Indian Instruments, Mandala & Prana, Hindi, Healing Karma, Santur and Bansuri Experience",2020-03-09,spotify:track:6KRrylK5aAo8JRLJslsLti,Hindi,0.46,0.162,0.103,77.359,0.03,0.801
Raga Hemavati (Flute),Rakesh Chaurasia,Romantic Evening Ragas',2006-01-01,spotify:track:5lSSnYTe9Fm2KsHSnybC4F,Hindi,0.196,0.0948,0.0688,108.087,0.0361,0.995
Raga Kamod,Sharafat Hussain Khan,Hindi Classical,1970,spotify:track:1J1TNdd1ZVjlcjSXNnlj12,Hindi,0.344,0.257,0.345,149.56,0.0381,0.843
Raga Des Alap,G.S. Sachdev,Introspection,2011-12-06,spotify:track:4a5DylC4oxQbPV11a7kW1X,Hindi,0.177,0.0311,0.152,140.348,0.041,0.993
Raga Husaini Kanada,Sharafat Hussain Khan,Hindi Classical,1970,spotify:track:5XHpWHyu9ytL3sCm8Jaf9M,Hindi,0.379,0.525,0.337,154.399,0.147,0.751
Raga Kirvani - Alap,Ram Narayan,North India: The Art of the Sarangi,2017-06-21,spotify:track:3UBgKi7ABe2fWYyJ48sFlW,Hindi,0.236,0.0676,0.149,141.785,0.0499,0.917
Raga Anandi,Sharafat Hussain Khan,Hindi Classical,1970,spotify:track:5bpMiGoqZJl0coAeME0if3,Hindi,0.367,0.313,0.205,118.898,0.0574,0.87
Open,Alam Khan,Vignettes,2017-05-19,spotify:track:0TNLBaKLdtY0l0HUtQz8SQ,Hindi,0.274,0.122,0.0397,79.865,0.03,0.89
Raga Bhairavi,Sharafat Hussain Khan,Hindi Classical,1970,spotify:track:68IEirp3MQFYb8wgnfswm9,Hindi,0.39,0.206,0.271,151.399,0.0597,0.846
If,Niladri Kumar,If,2003-06-09,spotify:track:3hap7NJBJyfYZAl5shpnDm,Hindi,0.286,0.254,0.253,131.206,0.0311,0.986
Classical South Indian Music,Hatha Kivi,Hindi Bansuri Flute Songs: Instrumental Calming Music for Yoga,2021-04-12,spotify:track:4bmUElg61zG5oQBOcrd3vh,Hindi,0.276,0.418,0.0598,80.133,0.04,0.859
Bhimpalasri Jhala,Nikhil Banerjee,Afternoon Ragas,1970-01-01,spotify:track:2fR04Ct6BMPZNOZNAQr8v8,Hindi,0.311,0.569,0.622,97.393,0.0402,0.81
Classical Cello Music and Nature Sounds,Asia Hindi,"Meditations for Relaxation - Peaceful Music with Relaxing Sounds of Nature for Zen and Balance, Soothing Music for Healthy Living and Asian Meditation",2017-01-31,spotify:track:7qVQFe7x66qm98BqMhA4Pd,Hindi,0.086,0.141,0.038,168.222,0.0455,0.773
Three Ragas - Bhupali,Amjad Ali Khan,Samaagam,2011-05-10,spotify:track:3BVlTuJdHO7lTmswWjKXID,Hindi,0.578,0.172,0.312,129.777,0.0563,0.834
गुरु पूर्णिमा के भजन (Guru Purnima Bhajan),Hindi Band,गुरु पूर्णिमा Guru Purnima 2023 - Indian And Hindi Classical Music,2023-05-12,spotify:track:1q6yH7mF7UOoXW18w3KbN5,Hindi,0.148,0.195,0.371,137.008,0.0428,0.893
Raga desh : Alap,Amjad Ali Khan,Romancing the Rains,2010-11-22,spotify:track:4UeJWL549VjA0LAOF40Pw2,Hindi,0.514,0.00672,0.231,75.219,0.0523,0.911
उपोसथ (Uposatha),Hindi Band,गुरु पूर्णिमा Guru Purnima 2023 - Indian And Hindi Classical Music,2023-05-12,spotify:track:6kcLRQMQ4kXEZpt9inFaW4,Hindi,0.549,0.498,0.157,116.992,0.0282,0.731
Raghupati,Niladri Kumar,Raghupati,2021-05-29,spotify:track:3MWiSRGhW2ksUIcquzZF9B,Hindi,0.339,0.56,0.238,74.906,0.0341,0.817
गुरु पूर्णिमा Guru Purnima 2023,Hindi Band,गुरु पूर्णिमा Guru Purnima 2023 - Indian And Hindi Classical Music,2023-05-12,spotify:track:2O5YnZ463XwAahJe3AFWDc,Hindi,0.642,0.684,0.807,115.045,0.0342,0.0863
Bhairavi,Amjad Ali Khan,Instrumental India,2003-01-01,spotify:track:4zttb0FMlcA1PO9h8mQ8ub,Hindi,0.417,0.194,0.223,159.621,0.0525,0.623
गुरु पूर्णिमा पर कविता,Hindi Band,गुरु पूर्णिमा Guru Purnima 2023 - Indian And Hindi Classical Music,2023-05-12,spotify:track:2iecK8jWi7VrHDSTToHBO0,Hindi,0.535,0.444,0.265,157.727,0.0315,0.623
Calcutta City,Amjad Ali Khan,Moksha,2004,spotify:track:0sT5HjFc4vFjyZFd7Ug5mF,Hindi,0.297,0.679,0.497,164.558,0.0371,0.788
Satsang Symphony,Hindi Band,गुरु पूर्णिमा Guru Purnima 2023 - Indian And Hindi Classical Music,2023-05-12,spotify:track:6ADBt7qfoWYp4hDaTXXvAQ,Hindi,0.516,0.444,0.163,134.102,0.0277,0.641
Raag Jhinjhoti,Arnab Chakrabarty,De-Stress Refresh,2006-01-01,spotify:track:4ez9fZqF6ZZhLe9cWxXjQ5,Hindi,0.504,0.0113,0.158,76.047,0.0461,0.992
Melody Of Reverence,Hindi Band,गुरु पूर्णिमा Guru Purnima 2023 - Indian And Hindi Classical Music,2023-05-12,spotify:track:0eWrlApUX0yuyKn1wBdM1x,Hindi,0.528,0.389,0.158,126.759,0.0302,0.625
Piloo,Vilayat Khan,Instrumental India,2003-01-01,spotify:track:3q9b6EvyIZio8HbbwPBu0q,Hindi,0.404,0.28,0.504,97.061,0.0359,0.808
Celestial Wisdom,Hindi Band,गुरु पूर्णिमा Guru Purnima 2023 - Indian And Hindi Classical Music,2023-05-12,spotify:track:2oW6zWc3GsPx1h5CXTHAsr,Hindi,0.606,0.846,0.924,113.076,0.0279,0.0713
Toni,Zakir Hussain,Making Music,1987-05-01,spotify:track:1tpbSI4KJh14gpO9OftOeS,Hindi,0.331,0.00359,0.141,57.514,0.0429,0.982
Guru–Shishya,Hindi Band,गुरु पूर्णिमा Guru Purnima 2023 - Indian And Hindi Classical Music,2023-05-12,spotify:track:0XwbZWVGpIiTUhHceoVv1v,Hindi,0.298,0.502,0.265,80.729,0.0263,0.187
Sadra in Sankara Karan,Ali Akbar Khan,Legacy,1996,spotify:track:2yKyUhBjdzX8WoEV7I4UTH,Hindi,0.451,0.211,0.235,165.625,0.0705,0.932
Harmonic Guru Devotion,Hindi Band,गुरु पूर्णिमा Guru Purnima 2023 - Indian And Hindi Classical Music,2023-05-12,spotify:track:10ZHsEcozcDSqa1FLD1aGZ,Hindi,0.666,0.623,0.503,132.618,0.0302,0.717
Bhimpalasri Alap,Nikhil Banerjee,Afternoon Ragas,1970-01-01,spotify:track:46sFGgbcfrYemRIS5m1SXl,Hindi,0.261,0.0359,0.288,105.831,0.0318,0.885
Kab Hai,Hindi Band,गुरु पूर्णिमा Guru Purnima 2023 - Indian And Hindi Classical Music,2023-05-12,spotify:track:75Ok9SjHJDTtBig41fWMDY,Hindi,0.646,0.646,0.663,124.602,0.0267,0.78
Alap,Ravi Shankar,The Best Of Sitar,2017-01-17,spotify:track:6xqbQFQ1urblCswJjelqlq,Hindi,0.211,0.0413,0.126,78.905,0.0357,0.952
Art Of Living,Hindi Band,गुरु पूर्णिमा Guru Purnima 2023 - Indian And Hindi Classical Music,2023-05-12,spotify:track:6NPJbGefezG9XmoBZGPIph,Hindi,0.587,0.751,0.758,95.839,0.0278,0.0582
Hori in Kukubh Bilawal,Ali Akbar Khan,Legacy,1996,spotify:track:7H0uY6ub8o06i3LbStMooF,Hindi,0.341,0.178,0.177,128.382,0.0321,0.966
गुरु+पूर्णिमा,Hindi Band,गुरु पूर्णिमा Guru Purnima 2023 - Indian And Hindi Classical Music,2023-05-12,spotify:track:4PijZdukMDR4Rq35HnmMbB,Hindi,0.611,0.293,0.231,86.859,0.0247,0.699
Raga Jhinjhoti - Alap,Satish Vyas,Cutting Edge,2009-06-01,spotify:track:5TwyVQzzKcTVSNqDC9ojWP,Hindi,0.309,0.113,0.0514,88.298,0.0368,0.815
Sadhguru,Hindi Band,गुरु पूर्णिमा Guru Purnima 2023 - Indian And Hindi Classical Music,2023-05-12,spotify:track:1TKZoO1P4oN3Kjm9qQvPMp,Hindi,0.248,0.372,0.0977,129.895,0.0318,0.728
"Raga Todi/Khayal,""Aaj more mana lago langarawa"": Tala - Teental",Bhimsen Joshi,Indian Classical Music,1987,spotify:track:3713K3nFuf9PmiUWjaBdZX,Hindi,0.197,0.217,0.227,173.201,0.0423,0.742
Blissful Guru Puja,Hindi Band,गुरु पूर्णिमा Guru Purnima 2023 - Indian And Hindi Classical Music,2023-05-12,spotify:track:38JFdOirkueKLQ0a5DNlDK,Hindi,0.46,0.298,0.0654,153.406,0.0266,0.866
Ragmala,Rais Khan,Rag-Rang,1995,spotify:track:2V8ULLonTZZu6JNcLqOpmp,Hindi,0.309,0.141,0.0811,131.096,0.0325,0.953
गुरु पूर्णिमा भजन,Hindi Band,गुरु पूर्णिमा Guru Purnima 2023 - Indian And Hindi Classical Music,2023-05-12,spotify:track:1us0FfgtYHgJTcsinRWLih,Hindi,0.177,0.318,0.411,132.803,0.0404,0.85
Raga Dhani,Baluji Shrivastav,The Art of the Indian Dilruba,2013-05-28,spotify:track:59gea5yN0eH2Xj73JWcsp7,Hindi,0.371,0.481,0.19,123.936,0.0546,0.87
Baiyan Na Dharo,Lata Mangeshkar,Hindi Film Classical Songs,2023-10-27,spotify:track:0Fo83rvZRqVWc6sE9cU4Ag,Hindi,0.287,0.666,0.634,166.635,0.0984,0.88
Raga Tilak Kamodi,Vishwa Mohan Bhatt,Guitar A La Hindustan,1992-03-12,spotify:track:1Mc58bywNOJT8vrMYunODv,Hindi,0.332,0.522,0.289,84.896,0.05,0.759
Kuhu Kuhu Bole Koyalia,Lata Mangeshkar,Hindi Film Classical Songs,2023-10-27,spotify:track:3mRirOPlYrdcP4GuxNzb7A,Hindi,0.549,0.153,0.739,107.034,0.19,0.987
Bahar,Buddhadev DasGupta,The Raga Guide,1999-08-10,spotify:track:3Sb4ei8lF0tqoA9OL6pqyY,Hindi,0.466,0.484,0.115,133.326,0.0386,0.798
Ja Re Badra Bairi Ja,Lata Mangeshkar,Hindi Film Classical Songs,2023-10-27,spotify:track:2mDKswBTDQxQSwfBXAqwsr,Hindi,0.725,0.289,0.725,113.962,0.0717,0.962
Rag Bhupali,Sultan Khan,Ustad Sultan Khan - Sarangi,1991-01-01,spotify:track:2EKR7RSzuGIVNlh3ZKWNVa,Hindi,0.271,0.15,0.307,83.63,0.059,0.819
