track_name,artist,album,release_date,language,danceability,energy,valence,tempo,speechiness,acousticness
Pop like this Pt. 2 - Slowed,prodbycpkshawn,Pop like this Pt. 2 (Slowed),2024-06-01,English,0.772,0.423,0.281,157.156,0.0562,0.00905
Popular (with Playboi Carti & Madonna) - From The Idol Vol. 1 (Music from the HBO Original Series),The Weeknd,Popular (Music from the HBO Original Series),2023-06-02,English,0.854,0.674,0.848,99.022,0.184,0.0517
Pop like this Pt. 2,prodbycpkshawn,Pop like this Pt. 2,2024-05-29,English,0.842,0.461,0.48,100.001,0.0675,0.000624
Pop Out (feat. Lil Tjay),Polo G,Die A Legend,2019-06-07,English,0.772,0.639,0.261,168.112,0.467,0.15
Pop like this Pt. 2 - Slowed,prodbycpkshawn,Pop like this Pt. 2 (Slowed),2024-05-29,English,0.772,0.423,0.281,157.156,0.0562,0.00905
Popular Monster,Falling In Reverse,Popular Monster,2019-11-20,English,0.461,0.897,0.358,165.107,0.092,0.00821
Popular Monster,Falling In Reverse,Popular Monster,2024-08-16,English,0.461,0.898,0.353,165.079,0.0931,0.0083
Poppin,Yeat,2 Alivë,2022-02-18,English,0.705,0.613,0.259,74.521,0.123,0.262
Pop like this Pt. 2 - Sped Up,prodbycpkshawn,Pop like this Pt. 2 (Sped Up),2024-05-22,English,0.847,0.559,0.476,108.004,0.0498,0.000401
POPTHATRUNK,1nonly,POPTHATRUNK,2023-08-25,English,0.73,0.782,0.593,180.068,0.05,0.0766
Pop Muzik,M,Pop Muzik,2022-06-03,English,0.935,0.833,0.967,108.914,0.0438,0.279
Pop Star,Coco & Clair Clair,Sexy,2022-11-04,English,0.891,0.67,0.938,128.046,0.135,0.203
Dior,Pop Smoke,Meet The Woo,2019-07-26,English,0.548,0.805,0.649,142.096,0.351,0.212
POP!,NAYEON,IM NAYEON,2022-06-24,English,0.795,0.859,0.356,96.986,0.0542,0.0361
Big Poppa - 2005 Remaster,The Notorious B.I.G.,Ready to Die (The Remaster),1994-09-13,English,0.78,0.575,0.773,84.492,0.273,0.43
Pop Rocks,Cherry Hencefox,Pop Rocks,2023-04-10,English,0.741,0.963,0.747,134.991,0.0517,0.0298
Poppin' My Collar (feat. Project Pat),Three 6 Mafia,Most Known Unknown,2006-06-20,English,0.729,0.795,0.856,146.747,0.144,0.354
Pop Out,Big Boogie,UNDERRATED,2021-12-24,English,0.831,0.715,0.443,135.98,0.251,0.0354
Pop See Ko,Koo Koo,"Cafetorium Songs, Vol. 1",2016-05-20,English,0.901,0.76,0.638,134.021,0.84,0.298
Pop like this Pt. 2,prodbycpkshawn,Pop like this Pt. 2,2024-04-17,English,0.842,0.461,0.481,100.001,0.0677,0.000624
Pop Star,Coco & Clair Clair,Pop Star,2020-12-18,English,0.891,0.67,0.938,128.046,0.135,0.203
POP/STARS,K/DA,POP/STARS,2018-11-03,English,0.566,0.769,0.385,170.036,0.0872,0.0183
Popular (with Playboi Carti & Madonna) - From The Idol Vol. 1 (Music from the HBO Original Series),The Weeknd,Popular (Music from the HBO Original Series),2023-06-02,English,0.844,0.677,0.841,98.995,0.158,0.0406
POPSTAR (feat. Drake),DJ Khaled,POPSTAR (feat. Drake),2020-07-17,English,0.8,0.56,0.45,163.071,0.261,0.057
"Popular - From ""Wicked"" Original Broadway Cast Recording/2003",Stephen Schwartz,Wicked (Original Broadway Cast Recording / Deluxe Edition),2013-01-01,English,0.711,0.228,0.548,88.714,0.172,0.776
Pope Is a Rockstar,SALES,SALES LP,2016-04-20,English,0.725,0.446,0.311,90.024,0.0287,0.85
Pop,OsamaSon,Flex Musix,2023-12-08,English,0.588,0.484,0.337,161.178,0.153,0.0219
pop ur shit,21 Savage,american dream,2024-01-12,English,0.853,0.533,0.306,123.066,0.126,0.263
Popular Loner,Rod Wave,PTSD,2019-06-14,English,0.684,0.62,0.773,159.893,0.188,0.0541
Poppin' Them Thangs,G-Unit,Beg For Mercy,2003-01-01,English,0.769,0.818,0.918,88.017,0.192,0.263
What You Know Bout Love,Pop Smoke,Shoot For The Stars Aim For The Moon,2020-07-03,English,0.709,0.548,0.543,83.995,0.353,0.65
Pop Shit (feat. Baby Grizzley),Tee Grizzley,Post Traumatic,2024-10-04,English,0.82,0.775,0.484,97.032,0.176,0.105
Pop You,Stunna Girl,"Get a Rook Beat, Vol. 2",2018-08-15,English,0.607,0.701,0.227,169.951,0.43,0.487
For The Night (feat. Lil Baby & DaBaby),Pop Smoke,Shoot For The Stars Aim For The Moon,2020-07-03,English,0.823,0.586,0.347,125.971,0.2,0.114
Pop Shit (feat. Baby Grizzley),Tee Grizzley,Post Traumatic,2024-10-03,English,0.826,0.783,0.503,97.001,0.176,0.08
Popcorn,Hot Butter,28 Big Ones,2005,English,0.784,0.627,0.952,136.879,0.0572,0.0425
Poplar St,Glass Animals,How To Be A Human Being,2016-08-26,English,0.575,0.446,0.259,68.985,0.0296,0.247
It's Playtime,Mob Entertainment,Poppy Playtime Ch. 1 (Original Game Soundtrack),2021-10-15,English,0.16,0.182,0.0392,83.048,0.0374,0.995
Pop Goes the Weasel,Mother Goose Club,Mother Goose Club Sings Nursery Rhymes Vol. 5: Rhyme Around the Rosy,2013-05-21,English,0.834,0.571,0.916,109.937,0.0615,0.64
Pop,*NSYNC,Celebrity,2001-07-24,English,0.706,0.861,0.923,119.946,0.154,0.0341
Pop That,French Montana,Excuse My French,2013-01-01,English,0.734,0.892,0.605,138.031,0.125,0.0648
Pop,Sophie Hunter,Pop,2023-03-29,English,0.816,0.722,0.906,103.937,0.343,0.0746
Pop Out (feat. Nardo Wick),Lil Baby,It's Only Me,2022-10-14,English,0.464,0.558,0.346,158.881,0.289,0.00275
Pop,OsamaSon,Flex Musix (FLXTRA),2024-02-16,English,0.588,0.484,0.337,161.178,0.153,0.0219
Pop Style,Drake,Views,2016-05-06,English,0.713,0.462,0.0594,133.053,0.123,0.192
Pop,La Oreja de Van Gogh,El Viaje de Copperpot,2000-09-07,English,0.719,0.788,0.751,133.58,0.0284,0.023
Poppy Puppy,Kim Akvileja,Poppy Puppy,2024-01-05,English,0.622,0.0904,0.655,120.325,0.0583,0.993
Pop,Ari Lennox,Shea Butter Baby,2019-05-07,English,0.631,0.315,0.335,144.87,0.0459,0.809
"Pop, Lock & Drop It - Video Edit",Huey,Notebook Paper,2006,English,0.723,0.644,0.645,144.09,0.222,0.00308
Pop,New Kids On The Block,Still Kids,2024-05-17,English,0.658,0.76,0.534,121.973,0.0322,0.0388
Rockstar,LISA,Rockstar,2024-06-27,English,0.668,0.628,0.568,140.053,0.046,0.129
Rock and A Hard Place,Bailey Zimmerman,Religiously. The Album.,2023-01-11,English,0.582,0.568,0.394,121.991,0.0275,0.577
ROCKSTAR (feat. Roddy Ricch),DaBaby,BLAME IT ON BABY,2020-04-17,English,0.746,0.69,0.497,89.977,0.164,0.247
Rock Your Body,Justin Timberlake,Justified,2002-11-04,English,0.892,0.714,0.817,100.972,0.141,0.201
Rockabye (feat. Sean Paul & Anne-Marie),Clean Bandit,Speak Your Mind (Deluxe),2018-04-27,English,0.724,0.759,0.765,101.946,0.0542,0.412
"Rocket Man (I Think It's Going To Be A Long, Long Time)",Elton John,Honky Chateau,1972-05-19,English,0.601,0.532,0.342,136.576,0.0286,0.433
rockstar (feat. 21 Savage),Post Malone,beerbongs & bentleys,2018-04-27,English,0.585,0.52,0.129,159.798,0.0713,0.124
Rocking A Cardigan in Atlanta,lil Shordie Scott,Rocking A Cardigan in Atlanta,2022-01-29,English,0.803,0.64,0.816,140.073,0.151,0.583
Rock with You - Single Version,Michael Jackson,Off the Wall,1979-08-10,English,0.808,0.535,0.848,114.031,0.0353,0.179
ROCKSTAR (feat. Roddy Ricch),DaBaby,BLAME IT ON BABY,2020-04-17,English,0.507,0.705,0.46,89.772,0.248,0.234
ROCKSTAR,Junior H,$AD BOYZ 4 LIFE II,2023-10-05,English,0.761,0.658,0.895,125.036,0.0429,0.292
Rockstar,Nickelback,All the Right Reasons - Special Edition,2005-09-26,English,0.616,0.91,0.693,144.072,0.0386,0.0459
Rock N Roll,Ken Carson,Project X,2021-07-23,English,0.673,0.571,0.042,141.957,0.0488,0.0737
rock your hips,310babii,rock your hips,2024-05-03,English,0.866,0.759,0.762,104.997,0.221,0.047
Rock'n Me,Steve Miller Band,Fly Like An Eagle,1976-01-01,English,0.695,0.582,0.892,122.433,0.0651,0.297
rockstar,Post Malone,beerbongs & bentleys,2018-04-27,English,0.595,0.507,0.137,159.729,0.0812,0.145
Rock Salt and Nails (Live),Tyler Childers,Live on Red Barn Radio I & II,2018-06-29,English,0.449,0.296,0.139,139.828,0.0361,0.892
Rocky Theme,Gonna Fly Now,Rocky Theme,2014-08-30,English,0.328,0.969,0.322,97.417,0.121,0.0082
Rockstar - 2020 Remaster,Nickelback,All The Right Reasons - 15th Anniversary Expanded Edition,2005,English,0.621,0.913,0.679,144.073,0.0385,0.0477
Rockin' Around The Christmas Tree,Brenda Lee,Merry Christmas From Brenda Lee,1964-10-19,English,0.598,0.47,0.879,67.086,0.0496,0.617
Lovers Rock,TV Girl,French Exit,2014-06-05,English,0.559,0.871,0.572,104.97,0.0397,7.53e-06
Rock the Casbah - Remastered,The Clash,Combat Rock (Remastered),1982,English,0.797,0.872,0.866,129.885,0.0575,0.291
Rocky Top,The Osborne Brothers,Bluegrass Then & Now,2008-05-20,English,0.549,0.673,0.923,156.814,0.0296,0.0763
Rock You Like A Hurricane,Scorpions,Love At First Sting,1984-03-27,English,0.482,0.617,0.718,125.697,0.0458,0.00543
Rock Lobster,The B-52's,The B-52's,1979-07-11,English,0.592,0.882,0.442,92.157,0.0468,0.00884
Rocketeer,Far East Movement,Free Wired,2010-01-01,English,0.664,0.845,0.357,96.005,0.0462,0.181
Rock Wit U (Awww Baby),Ashanti,Chapter II,2003-01-01,English,0.71,0.797,0.849,94.998,0.0583,0.409
Rocky Mountain High,John Denver,Rocky Mountain High,1972-09-15,English,0.455,0.437,0.724,81.396,0.0278,0.314
Rock And Roll All Nite,KISS,Dressed To Kill,1975-03-19,English,0.654,0.929,0.902,144.769,0.0998,0.0474
Rockin' Robin,Bobby Day,Rockin' Robin,1958-01-01,English,0.541,0.608,0.938,171.992,0.106,0.298
The Rock Show,blink-182,Take Off Your Pants And Jacket,2001,English,0.409,0.959,0.83,193.144,0.0869,0.000324
Rockabye Billy,Milk In The Microwave,Rockabye Billy,2024-08-19,English,0.525,0.338,0.724,66.913,0.0276,0.785
Rockstar Made,Playboi Carti,Whole Lotta Red,2020-12-25,English,0.773,0.612,0.381,149.999,0.232,0.0398
Rockefeller Street (New Nightcore) [#Rockefellerstreet Remix],Getter Jaani,Rockefeller Street (New Nightcore) [#Rockefellerstreet Remix],2018-12-14,English,0.659,0.936,0.884,161.983,0.0606,0.283
Rock and Roll - Remaster,Led Zeppelin,Led Zeppelin IV (Deluxe Edition),1971-11-08,English,0.317,0.887,0.871,169.613,0.0375,0.000582
Rockefeller Street (Nightcore),Caleb Hyles,Rockefeller Street (Nightcore),2020-10-09,English,0.662,0.921,0.76,162.951,0.049,0.0254
Rockabye (feat. Sean Paul & Anne-Marie),Clean Bandit,What Is Love? (Deluxe Edition),2018-11-30,English,0.717,0.73,0.792,102.002,0.0568,0.383
Rock a Bye Baby,Nursery Rhymes 123,Lullaby Baby,2016-01-26,English,0.633,0.0789,0.296,89.931,0.0309,0.987
Rock Of Ages,Def Leppard,Pyromania (Deluxe),1983-01-20,English,0.706,0.785,0.636,105.893,0.041,0.00802
Rockstar - Extended,LISA,Rockstar,2024-06-27,English,0.645,0.688,0.587,139.957,0.043,0.0606
ROCKSTAR,HARDY,Quit!!,2024-07-12,English,0.542,0.962,0.659,150.025,0.0911,0.000474
Rocky Top - Live,Dolly Parton,Live and Well,2004-09-14,English,0.504,0.908,0.706,156.2,0.139,0.337
Rock 'n' Roll (Part 2),Gary Glitter,Glitter,1973,English,0.71,0.314,0.401,129.124,0.082,0.000292
Rockin' That Shit,The-Dream,Love Vs Money,2009-01-01,English,0.672,0.62,0.626,77.993,0.0442,0.124
Rock-a-Bye Baby,CoComelon,"CoComelon Kids Hits, Vol. 2",2020-01-24,English,0.715,0.217,0.509,119.902,0.0319,0.822
Rocky Mountain Way,Joe Walsh,"The Smoker You Drink, The Player You Get",1973-06-18,English,0.493,0.376,0.419,86.47,0.0435,0.0241
ROCKING A CARDIGAN IN ATLANTA,lil Shordie Scott,The Twin Society,2022-07-29,English,0.869,0.616,0.724,140.051,0.11,0.471
Rock My Body,R3HAB,Rock My Body (with INNA & Sash!),2023-04-28,English,0.662,0.821,0.47,124.077,0.13,0.202
Rock That Body,Black Eyed Peas,THE E.N.D. (THE ENERGY NEVER DIES),2009-01-01,English,0.715,0.907,0.841,124.991,0.0993,0.0172
Rock N Roll Rules,HAIM,TROLLS World Tour (Original Motion Picture Soundtrack),2020-03-13,English,0.649,0.777,0.723,119.541,0.261,0.113
Hip-Hop,Dead Prez,Let's Get Free,2000-02-08,English,0.725,0.737,0.219,77.162,0.324,0.000633
Hip Hop Hooray,Naughty By Nature,19NaughtyIII,1993-02-23,English,0.862,0.642,0.765,99.2,0.101,0.102
Hip Hop,August Alsina,This Thing Called Life,2015-12-11,English,0.596,0.796,0.759,80.092,0.146,0.177
Hip-Hop,Freddy Rugga,Hip-Hop,2016-02-26,English,0.807,0.558,0.559,164.004,0.367,0.0688
Hip-Hip,Campel,Hip-Hip,2024-06-03,English,0.808,0.776,0.438,79.968,0.2,0.0391
Hip-Hop,Dead Prez,"Hip Hop 100 Hits - Urban rap & R n B anthems inc. Jay Z, A$ap Rocky, Wu-Tang Clan & Nas",2019-04-19,English,0.583,0.543,0.192,78.221,0.403,0.000642
Hip-Hop Saved My Life (feat. Nikki Jean),Lupe Fiasco,Lupe Fiasco's The Cool,2007-01-01,English,0.705,0.684,0.246,100.006,0.145,0.0353
Hip Hop Sinister,Hopsin,Knock Madness,2013-11-26,English,0.582,0.618,0.0798,181.008,0.298,0.0639
Hip-Hop,PaceWon & Mr. Green,The Only Color That Matters is Green,2008-01-01,English,0.719,0.828,0.492,92.006,0.061,0.00649
Hip Hop,Mos Def,Black On Both Sides,1999-10-12,English,0.592,0.861,0.794,90.238,0.249,0.024
Hip Hip Hooray - Hippopotamus,Mary Rice Hopkins,Mary Rice Hopkins & Company - 15 Singable Songs For The Young At Heart,1997-01-01,English,0.783,0.502,0.862,153.077,0.0349,0.49
Hip-Hop,"Royce Da 5'9""","The Heaven Experience, Vol. 1",2022-08-12,English,0.707,0.757,0.867,99.988,0.228,0.00729
Hip-Hop Hasta la Tumba,Maniako,Dónde Estás,2018-02-13,English,0.902,0.623,0.967,89.993,0.105,0.0795
Hip Hop Fury,GZA,Beneath The Surface,1999-06-29,English,0.526,0.83,0.632,172.266,0.332,0.0453
Hip-Hop,PaceWon & Mr. Green,The Only Color That Matters is Green,2008-01-01,English,0.719,0.827,0.5,91.998,0.0591,0.00667
Hip Hop Phile,BTS,Dark & Wild,2014-08-20,English,0.796,0.878,0.795,144.0,0.185,0.171
Hip Hop Police - Main,Chamillionaire,Ultimate Victory,2007-01-01,English,0.816,0.906,0.704,98.009,0.209,0.056
Hip-Hop,Left Lane Cruiser,Junkyard Speed Ball,2011-03-01,English,0.455,0.867,0.646,145.553,0.072,0.0494
Hip Hop Hooray,Naughty By Nature,The Naughtiest,2024-10-04,English,0.869,0.781,0.769,99.376,0.0679,0.0663
Hip Hoop Lounge Jazz Room - Instrumental,Freidbeat,Hip Hoop Lounge Jazz Room (Instrumental),2023-02-18,English,0.675,0.641,0.627,180.071,0.386,0.04
Hip-Hop,Boombox,Family бізнес,2006,English,0.74,0.928,0.895,140.526,0.175,0.0292
Still Dreaming,Nas,Hip Hop Is Dead (Expanded Edition),2007-01-23,English,0.546,0.827,0.598,120.262,0.214,0.105
Hip Hop Soldier,Sir Mix-A-Lot,Swass,1988-01-01,English,0.87,0.551,0.616,98.141,0.279,0.0162
Hip-Hop,Cognito,Automatic,2010-04-20,English,0.434,0.733,0.397,80.082,0.375,0.42
Hip Hop - Mashup,Trinix Remix,Hip Hop (Mashup),2022-01-21,English,0.484,0.806,0.681,103.512,0.408,0.0404
HIP HOP CON100CIA #38 - PADRE,Al2 El Aldeano,HIP HOP CON100CIA #38 - PADRE,2024-06-26,English,0.821,0.57,0.356,90.936,0.331,0.237
Hip-Hop,Itzo Hazarta,Nepravilen Rap,2019-05-18,English,0.913,0.448,0.486,89.008,0.258,0.0635
Hip Hop Is Dead,Nas,Hip Hop Is Dead (Expanded Edition),2006-12-19,English,0.758,0.74,0.613,110.831,0.203,0.0156
Hip Hop,Emcee Hero,Hope,2024-09-05,English,0.698,0.724,0.369,141.326,0.291,0.345
Hip-Hop,Ryze Hendricks,Hip-Hop,2022-09-23,English,0.714,0.874,0.686,128.434,0.441,0.0653
Hip Hop Junkies,Nice & Smooth,Ain't A Damn Thing Changed,1991-01-01,English,0.926,0.427,0.634,98.73,0.115,0.0258
Hip Hoop New School - Instrumenal,Freidbeat,Hip Hoop New School (Instrumenal),2023-07-18,English,0.817,0.258,0.755,94.988,0.0659,0.212
Hip-Hop,X-Boxin,9,2019-02-27,English,0.802,0.827,0.829,163.876,0.356,0.00895
Hip Hop (Caminaré),Santa Fe Klan,Bendecido,2019-06-26,English,0.803,0.745,0.619,82.75,0.347,0.0354
Hip-Hop - Radio Version,Dead Prez,It's Bigger Than Hip-Hop,2000-02-08,English,0.73,0.577,0.352,77.121,0.43,0.0106
Hip-Hop,Boombox,Все включено,2010,English,0.692,0.819,0.669,140.075,0.115,0.00875
Hip Hop Kids,Portugal. The Man,Evil Friends,2013-05-31,English,0.433,0.782,0.498,94.995,0.0363,0.0108
Hip-Hop,Trap Fray,Lets Not Forget!,2022-09-01,English,0.914,0.382,0.076,90.007,0.223,0.0302
Hip Hop Is Dead,Nas,Hip Hop Is Dead (Expanded Edition),2007-01-23,English,0.762,0.742,0.608,110.85,0.211,0.0145
THIS IS HIP HOP,Hemanifezt,THIS IS HIP HOP,2024-09-10,English,0.575,0.652,0.567,81.735,0.512,0.068
Hip-Hop,La Etnnia,Real,2004-07-02,English,0.926,0.688,0.517,96.001,0.199,0.0253
Hip Hopper (feat. Lil Yachty),Blac Youngsta,Hip Hopper (feat. Lil Yachty),2017-04-28,English,0.931,0.517,0.45,129.111,0.446,0.00162
Ain't Nothing,Mac Black,This Is Hip Hop,2023-02-07,English,0.583,0.601,0.394,88.037,0.305,0.334
Hip-Hop,Rúzsa Magdi,Ördögi Angyal,2006-10-07,English,0.786,0.807,0.7,102.19,0.0558,0.0789
She Got Her Own,Ne-Yo,Hip-Hop & R&B Hits,2021-09-27,English,0.657,0.584,0.487,139.702,0.128,0.254
HIP HOP CELEBRATION ACAPELLA AND HIP HOP SCRATCHES,FRANK MULLAH,HIP HOP CELEBRATION ACAPELLA AND HIP HOP SCRATCHES,2023-10-14,English,0.577,0.997,0.0347,83.042,0.647,0.681
Hip-Hop,Guizmo,C'est tout.,2012-11-19,English,0.62,0.84,0.65,99.883,0.3,0.0353
Hip Hop Star (feat. Big Boi & Sleepy Brown),Beyoncé,Dangerously In Love,2003-06-24,English,0.736,0.651,0.971,166.572,0.124,0.00265
H.I.P.H.O.P.,KRS-One,I Got Next,1997-05-20,English,0.763,0.955,0.766,92.167,0.327,0.00717
Hip-Hop,Funky DL,The Ultimate Collection,2013-12-08,English,0.82,0.722,0.791,94.983,0.212,0.391
Bollywood,Dreamgirl,Dreamgirl,2018-01-01,Hindi,0.376,0.375,0.268,121.683,0.034,0.0541
"Kesariya (From ""Brahmastra"")",Pritam,"Kesariya (From ""Brahmastra"")",2022-07-17,Hindi,0.577,0.574,0.436,94.009,0.0278,0.572
Bollywood,Anamanaguchi,Scott Pilgrim vs. the World: The Game (Original Videogame Soundtrack),2010-01-01,Hindi,0.27,0.978,0.699,137.834,0.0852,0.0356
Bollywood,Jwles,Bollywood,2024-08-08,Hindi,0.754,0.529,0.714,81.0,0.152,0.267
Badtameez Dil,Pritam,Yeh Jawaani Hai Deewani,2013-03-30,Hindi,0.806,0.932,0.792,106.021,0.0684,0.24
Bollywood Apologetics,Black Wing,No Moon,2020-12-11,Hindi,0.455,0.592,0.323,160.054,0.0327,0.186
Thumkeshwari,Sachin-Jigar,Bhediya (Original Motion Picture Soundtrack),2022-12-06,Hindi,0.757,0.682,0.562,98.977,0.0553,0.055
Bollywood,Patrick Watson,Love Songs For Robots,2015-05-11,Hindi,0.289,0.292,0.347,156.118,0.0305,0.441
Thumkeshwari,Sachin-Jigar,Bhediya (Original Motion Picture Soundtrack),2022-11-22,Hindi,0.757,0.682,0.562,98.977,0.0553,0.055
Bollywood,The Black Skirts,THIRSTY,2019-02-12,Hindi,0.49,0.558,0.171,78.002,0.0341,0.0455
"Jeeye to Jeeye Kaise (From ""Saajan"")",Pankaj Udhas,Bollywood & Ghazal Collection of Pankaj Udhas,2016-07-01,Hindi,0.487,0.489,0.682,128.74,0.0306,0.246
"What Jhumka ? (From ""Rocky Aur Rani Kii Prem Kahaani"")",Pritam,"What Jhumka ? (From ""Rocky Aur Rani Kii Prem Kahaani"")",2023-07-12,Hindi,0.821,0.823,0.479,107.953,0.1,0.235
Bollywood,In-s,Bollywood,2019-06-27,Hindi,0.726,0.794,0.745,110.037,0.0724,0.325
American Bollywood,Young the Giant,American Bollywood,2022-11-16,Hindi,0.422,0.647,0.0919,148.049,0.039,0.0863
Kala Chashma,Prem & Hardeep,Baar Baar Dekho (Original Motion Picture Soundtrack),2016-08-04,Hindi,0.801,0.856,0.919,106.029,0.065,0.0984
Bollywood,Ayzha Nyree,Bollywood,2020-05-26,Hindi,0.805,0.467,0.37,120.12,0.248,0.294
Bollywood Flashback Mashup - Remix,Akhil Talreja,Bollywood Flashback Mashup (Remix),2017-10-18,Hindi,0.752,0.925,0.844,129.995,0.0574,0.123
What Jhumka ?,Pritam,Rocky Aur Rani Kii Prem Kahaani (Original Motion Picture Soundtrack),2024-05-15,Hindi,0.828,0.791,0.452,107.903,0.135,0.252
Bollywood,Shawn Lee's Ping Pong Orchestra,Music and Rhythm,2004-08-24,Hindi,0.6,0.988,0.825,156.699,0.0352,0.0148
Bollywood Medley (Series 5),Zain Worldwide,Bollywood Medley (Series 5),2023-08-17,Hindi,0.54,0.474,0.169,140.046,0.134,0.596
"Ghungroo (From ""War"")",Vishal-Shekhar,"Ghungroo (From ""War"")",2019-09-30,Hindi,0.695,0.727,0.864,118.034,0.0323,0.0744
Bollywood,Liz Phair,Funstyle,2010,Hindi,0.703,0.962,0.752,105.953,0.136,0.417
Bollywood Bounce,Keys N Krates,Original Classic,2021-11-12,Hindi,0.775,0.819,0.848,75.02,0.151,0.14
Dilliwaali Girlfriend,Pritam,Yeh Jawaani Hai Deewani,2013-03-30,Hindi,0.687,0.941,0.909,138.048,0.0583,0.0811
Bollywood,Akhil,Bollywood - Single,2017-12-13,Hindi,0.839,0.882,0.683,94.002,0.119,0.419
"Chaiyya Chaiyya (From ""Dil Se"")",Sukhwinder Singh,Bollywood's Musical Extravaganza - Sonu Nigam & Sukhwinder Singh,2016-07-01,Hindi,0.786,0.579,0.481,90.012,0.142,0.186
Kesariya,Pritam,Brahmastra (Original Motion Picture Soundtrack),2022-10-06,Hindi,0.577,0.574,0.436,94.009,0.0278,0.572
Bollywood,Drupatee,Curry Que Riddim,2014-07-15,Hindi,0.889,0.848,0.943,125.977,0.206,0.149
"Chhupana Bhi Nahin Aata (From ""Baazigar"")",Pankaj Udhas,Bollywood & Ghazal Collection of Pankaj Udhas,2016-07-01,Hindi,0.414,0.517,0.647,157.405,0.0711,0.362
Bole Chudiyan,Jatin-Lalit,Kabhi Khushi Kabhie Gham (Original Motion Picture Soundtrack),2001-11-28,Hindi,0.59,0.875,0.737,96.915,0.171,0.45
Bollywood,Sandro Silva,Bollywood,2020-11-20,Hindi,0.658,0.983,0.6,127.977,0.0878,0.0295
The Walk Home,Young the Giant,American Bollywood,2022-11-16,Hindi,0.515,0.899,0.31,124.993,0.0493,0.0062
Kala Chashma,Prem Hardeep,The Neha Kakkar Collection,2019-06-06,Hindi,0.801,0.856,0.919,106.029,0.065,0.0984
Bollywood,Akhil,Do Gabru - Diljit Dosanjh & Akhil,2018-07-10,Hindi,0.854,0.859,0.569,94.023,0.162,0.512
Jab Tak,Armaan Malik,Bollywood Romantic Songs With Armaan Malik,2017-07-20,Hindi,0.299,0.447,0.321,121.723,0.0383,0.858
"Deva Deva (From ""Brahmastra"")",Pritam,"Deva Deva (From ""Brahmastra"")",2022-08-08,Hindi,0.534,0.721,0.439,112.062,0.0427,0.634
Bollywood,Panos Mouzourakis,Bollywood,2020-02-14,Hindi,0.567,0.719,0.518,193.985,0.193,0.181
"Baby Doll (From ""Ragini Mms 2"")",Meet Bros Anjjan,Bollywood Party With Meet Bros,2017-08-17,Hindi,0.836,0.839,0.507,103.992,0.106,0.275
"Dhindhora Baje Re (From ""Rocky Aur Rani Kii Prem Kahaani"")",Pritam,"Dhindhora Baje Re (From ""Rocky Aur Rani Kii Prem Kahaani"")",2023-07-24,Hindi,0.679,0.883,0.726,128.004,0.112,0.219
Bollywood,Jwles,Bijoux,2024-10-04,Hindi,0.711,0.53,0.719,161.982,0.215,0.202
Bol Do Na Zara,Armaan Malik,Bollywood Romantic Songs With Armaan Malik,2017-07-20,Hindi,0.545,0.472,0.195,129.988,0.0311,0.294
"Say ""Shava Shava""",Aadesh Shrivastava,Kabhi Khushi Kabhie Gham (Original Motion Picture Soundtrack),2001-11-28,Hindi,0.665,0.908,0.691,98.808,0.188,0.0504
Bollywood,Loredana Bertè,Manifesto,2021-11-05,Hindi,0.824,0.919,0.812,91.984,0.0731,0.0992
Tukur Tukur,Pritam,Dilwale (Original Motion Picture Soundtrack),2015-11-17,Hindi,0.8,0.921,0.826,137.989,0.0846,0.0841
Bollywood,Quebonafide,Egzotyka,2017-06-07,Hindi,0.51,0.934,0.666,168.091,0.446,0.28
Bollywood Theme,Downing And Mayer,Traditional Indian Music,2009-12-01,Hindi,0.702,0.442,0.274,99.921,0.0292,0.289
Bollywood,Ajad Samskara,Ethnology,2019-10-20,Hindi,0.457,0.724,0.793,203.954,0.191,0.00106
Bollywood Nights (Remix),All India Radio,The Inevitable Remixes,2011-10-03,Hindi,0.428,0.532,0.206,162.063,0.0261,0.722
"Crazy Kiya Re (From ""Dhoom:2"")",Pritam,30 Hits of Pritam,2023-06-13,Hindi,0.749,0.93,0.805,92.035,0.13,0.142
Bollywood,The Micronauts,Damaging Consent & Remixes Retrospectives,2007-09-10,Hindi,0.815,0.72,0.552,130.002,0.107,8.28e-05
Santur Dreams,India Tribe Music Collection,"Indian music: Classical Indian Instruments, Mandala & Prana, Hindi, Healing Karma, Santur and Bansuri Experience",2020-03-09,Hindi,0.46,0.162,0.103,77.359,0.03,0.801
Raga Hemavati (Flute),Rakesh Chaurasia,Romantic Evening Ragas',2006-01-01,Hindi,0.196,0.0948,0.0688,108.087,0.0361,0.995
Raga Kamod,Sharafat Hussain Khan,Hindi Classical,1970,Hindi,0.344,0.257,0.345,149.56,0.0381,0.843
Raga Des Alap,G.S. Sachdev,Introspection,2011-12-06,Hindi,0.177,0.0311,0.152,140.348,0.041,0.993
Raga Husaini Kanada,Sharafat Hussain Khan,Hindi Classical,1970,Hindi,0.379,0.525,0.337,154.399,0.147,0.751
Raga Kirvani - Alap,Ram Narayan,North India: The Art of the Sarangi,2017-06-21,Hindi,0.236,0.0676,0.149,141.785,0.0499,0.917
Raga Anandi,Sharafat Hussain Khan,Hindi Classical,1970,Hindi,0.367,0.313,0.205,118.898,0.0574,0.87
Open,Alam Khan,Vignettes,2017-05-19,Hindi,0.274,0.122,0.0397,79.865,0.03,0.89
Raga Bhairavi,Sharafat Hussain Khan,Hindi Classical,1970,Hindi,0.39,0.206,0.271,151.399,0.0597,0.846
Minuet in D Major,Purbayan Chatterjee,Classicool,2023-08-07,Hindi,0.577,0.503,0.674,135.933,0.0279,0.885
Classical South Indian Music,Hatha Kivi,Hindi Bansuri Flute Songs: Instrumental Calming Music for Yoga,2021-04-12,Hindi,0.276,0.418,0.0598,80.133,0.04,0.859
Raga desh : Alap,Amjad Ali Khan,Romancing the Rains,2010-11-22,Hindi,0.514,0.00672,0.231,75.219,0.0523,0.911
Classical Cello Music and Nature Sounds,Asia Hindi,"Meditations for Relaxation - Peaceful Music with Relaxing Sounds of Nature for Zen and Balance, Soothing Music for Healthy Living and Asian Meditation",2017-01-31,Hindi,0.086,0.141,0.038,168.222,0.0455,0.773
If,Niladri Kumar,If,2003-06-09,Hindi,0.286,0.254,0.253,131.206,0.0311,0.986
गुरु पूर्णिमा के भजन (Guru Purnima Bhajan),Hindi Band,गुरु पूर्णिमा Guru Purnima 2023 - Indian And Hindi Classical Music,2023-05-12,Hindi,0.148,0.195,0.371,137.008,0.0428,0.893
Three Ragas - Bhupali,Amjad Ali Khan,Samaagam,2011-05-10,Hindi,0.578,0.172,0.312,129.777,0.0563,0.834
उपोसथ (Uposatha),Hindi Band,गुरु पूर्णिमा Guru Purnima 2023 - Indian And Hindi Classical Music,2023-05-12,Hindi,0.549,0.498,0.157,116.992,0.0282,0.731
Raghupati,Niladri Kumar,Raghupati,2021-05-29,Hindi,0.339,0.56,0.238,74.906,0.0341,0.817
गुरु पूर्णिमा Guru Purnima 2023,Hindi Band,गुरु पूर्णिमा Guru Purnima 2023 - Indian And Hindi Classical Music,2023-05-12,Hindi,0.642,0.684,0.807,115.045,0.0342,0.0863
Bhairavi,Amjad Ali Khan,Instrumental India,2003-01-01,Hindi,0.417,0.194,0.223,159.621,0.0525,0.623
गुरु पूर्णिमा पर कविता,Hindi Band,गुरु पूर्णिमा Guru Purnima 2023 - Indian And Hindi Classical Music,2023-05-12,Hindi,0.535,0.444,0.265,157.727,0.0315,0.623
Calcutta City,Amjad Ali Khan,Moksha,2004,Hindi,0.297,0.679,0.497,164.558,0.0371,0.788
Melody Of Reverence,Hindi Band,गुरु पूर्णिमा Guru Purnima 2023 - Indian And Hindi Classical Music,2023-05-12,Hindi,0.528,0.389,0.158,126.759,0.0302,0.625
Raag Jhinjhoti,Arnab Chakrabarty,De-Stress Refresh,2006-01-01,Hindi,0.504,0.0113,0.158,76.047,0.0461,0.992
Celestial Wisdom,Hindi Band,गुरु पूर्णिमा Guru Purnima 2023 - Indian And Hindi Classical Music,2023-05-12,Hindi,0.606,0.846,0.924,113.076,0.0279,0.0713
Piloo,Vilayat Khan,Instrumental India,2003-01-01,Hindi,0.404,0.28,0.504,97.061,0.0359,0.808
Sadhguru,Hindi Band,गुरु पूर्णिमा Guru Purnima 2023 - Indian And Hindi Classical Music,2023-05-12,Hindi,0.248,0.372,0.0977,129.895,0.0318,0.728
Sadra in Sankara Karan,Ali Akbar Khan,Legacy,1996,Hindi,0.451,0.211,0.235,165.625,0.0705,0.932
Guru–Shishya,Hindi Band,गुरु पूर्णिमा Guru Purnima 2023 - Indian And Hindi Classical Music,2023-05-12,Hindi,0.298,0.502,0.265,80.729,0.0263,0.187
Bhimpalasri Alap,Nikhil Banerjee,Afternoon Ragas,1970-01-01,Hindi,0.261,0.0359,0.288,105.831,0.0318,0.885
Satsang Symphony,Hindi Band,गुरु पूर्णिमा Guru Purnima 2023 - Indian And Hindi Classical Music,2023-05-12,Hindi,0.516,0.444,0.163,134.102,0.0277,0.641
Hori in Kukubh Bilawal,Ali Akbar Khan,Legacy,1996,Hindi,0.341,0.178,0.177,128.382,0.0321,0.966
Art Of Living,Hindi Band,गुरु पूर्णिमा Guru Purnima 2023 - Indian And Hindi Classical Music,2023-05-12,Hindi,0.587,0.751,0.758,95.839,0.0278,0.0582
Raga Jhinjhoti - Alap,Satish Vyas,Cutting Edge,2009-06-01,Hindi,0.309,0.113,0.0514,88.298,0.0368,0.815
Harmonic Guru Devotion,Hindi Band,गुरु पूर्णिमा Guru Purnima 2023 - Indian And Hindi Classical Music,2023-05-12,Hindi,0.666,0.623,0.503,132.618,0.0302,0.717
Ragmala,Rais Khan,Rag-Rang,1995,Hindi,0.309,0.141,0.0811,131.096,0.0325,0.953
गुरु+पूर्णिमा,Hindi Band,गुरु पूर्णिमा Guru Purnima 2023 - Indian And Hindi Classical Music,2023-05-12,Hindi,0.611,0.293,0.231,86.859,0.0247,0.699
"Raga Todi/Khayal,""Aaj more mana lago langarawa"": Tala - Teental",Bhimsen Joshi,Indian Classical Music,1987,Hindi,0.197,0.217,0.227,173.201,0.0423,0.742
Blissful Guru Puja,Hindi Band,गुरु पूर्णिमा Guru Purnima 2023 - Indian And Hindi Classical Music,2023-05-12,Hindi,0.46,0.298,0.0654,153.406,0.0266,0.866
Raga Tilak Kamodi,Vishwa Mohan Bhatt,Guitar A La Hindustan,1992-03-12,Hindi,0.332,0.522,0.289,84.896,0.05,0.759
गुरु पूर्णिमा भजन,Hindi Band,गुरु पूर्णिमा Guru Purnima 2023 - Indian And Hindi Classical Music,2023-05-12,Hindi,0.177,0.318,0.411,132.803,0.0404,0.85
Bahar,Buddhadev DasGupta,The Raga Guide,1999-08-10,Hindi,0.466,0.484,0.115,133.326,0.0386,0.798
Kab Hai,Hindi Band,गुरु पूर्णिमा Guru Purnima 2023 - Indian And Hindi Classical Music,2023-05-12,Hindi,0.646,0.646,0.663,124.602,0.0267,0.78
Rag Bhupali,Sultan Khan,Ustad Sultan Khan - Sarangi,1991-01-01,Hindi,0.271,0.15,0.307,83.63,0.059,0.819
Baiyan Na Dharo,Lata Mangeshkar,Hindi Film Classical Songs,2023-10-27,Hindi,0.287,0.666,0.634,166.635,0.0984,0.88
Multani Alap,Nikhil Banerjee,Afternoon Ragas,1970-01-01,Hindi,0.18,0.0439,0.0385,70.574,0.0314,0.926
Kuhu Kuhu Bole Koyalia,Lata Mangeshkar,Hindi Film Classical Songs,2023-10-27,Hindi,0.549,0.153,0.739,107.034,0.19,0.987
Raga Mishra Khamaj: Tala - Keherwa - Teental,Hariprasad Chaurasia,Indian Classical Music,1987,Hindi,0.372,0.168,0.348,98.875,0.0404,0.979
Ja Re Badra Bairi Ja,Lata Mangeshkar,Hindi Film Classical Songs,2023-10-27,Hindi,0.725,0.289,0.725,113.962,0.0717,0.962
"Ragas, Ahir Lalit",Ravi Shankar,Classical Instrumental SITAR,2024-05-17,Hindi,0.285,0.819,0.553,138.181,0.0574,0.697
